,imdb_id,title
15480,tt1375666,Inception
12481,tt0468569,The Dark Knight
14551,tt0499549,Avatar
17818,tt0848228,The Avengers
26564,tt1431045,Deadpool
22879,tt0816692,Interstellar
20051,tt1853728,Django Unchained
23753,tt2015381,Guardians of the Galaxy
2843,tt0137523,Fight Club
18244,tt1392170,The Hunger Games
26553,tt1392190,Mad Max: Fury Road
18252,tt1345836,The Dark Knight Rises
2458,tt0133093,The Matrix
12588,tt0371746,Iron Man
20830,tt1300854,Iron Man 3
4863,tt0120737,The Lord of the Rings: The Fellowship of the Ring
25084,tt0369610,Jurassic World
292,tt0110912,Pulp Fiction
19971,tt0903624,The Hobbit: An Unexpected Journey
314,tt0111161,The Shawshank Redemption
7000,tt0167260,The Lord of the Rings: The Return of the King
351,tt0109830,Forrest Gump
26555,tt2488496,Star Wars: The Force Awakens
1639,tt0120338,Titanic
19261,tt1074638,Skyfall
30543,tt1386697,Suicide Squad
5814,tt0167261,The Lord of the Rings: The Two Towers
10122,tt0372784,Batman Begins
26567,tt3498820,Captain America: Civil War
30051,tt3659388,The Martian
6390,tt0325980,Pirates of the Caribbean: The Curse of the Black Pearl
31072,tt2975590,Batman v Superman: Dawn of Justice
4766,tt0241527,Harry Potter and the Philosopher's Stone
17444,tt0458339,Captain America: The First Avenger
13724,tt1049413,Up
15153,tt1228705,Iron Man 2
26558,tt2395427,Avengers: Age of Ultron
256,tt0076759,Star Wars
22131,tt0993846,The Wolf of Wall Street
30315,tt2096673,Inside Out
19129,tt0948470,The Amazing Spider-Man
16974,tt0800369,Thor
22058,tt1951264,The Hunger Games: Catching Fire
13605,tt0361748,Inglourious Basterds
15472,tt1323594,Despicable Me
14825,tt1130884,Shutter Island
31865,tt1663202,The Revenant
21068,tt0770828,Man of Steel
12704,tt0910970,WALLÂ·E
13746,tt1119646,The Hangover
42170,tt3315342,Logan
6232,tt0266543,Finding Nemo
24455,tt2245084,Big Hero 6
1225,tt0088763,Back to the Future
23359,tt1877832,X-Men: Days of Future Past
4756,tt0198781,"Monsters, Inc."
17437,tt1201607,Harry Potter and the Deathly Hallows: Part 2
25534,tt2802144,Kingsman: The Secret Service
23358,tt2872732,Lucy
7725,tt0304141,Harry Potter and the Prisoner of Azkaban
26562,tt0478970,Ant-Man
834,tt0068646,The Godfather
23675,tt2267998,Gone Girl
1154,tt0080684,The Empire Strikes Back
5678,tt0295297,Harry Potter and the Chamber of Secrets
46,tt0114369,Se7en
19735,tt0454876,Life of Pi
24860,tt2084970,The Imitation Game
14557,tt0988045,Sherlock Holmes
23053,tt1843866,Captain America: The Winter Soldier
26568,tt1211837,Doctor Strange
21592,tt1454468,Gravity
24873,tt1951265,The Hunger Games: Mockingjay - Part 1
10554,tt0330373,Harry Potter and the Goblet of Fire
40598,tt2543164,Arrival
16128,tt0926084,Harry Potter and the Deathly Hallows: Part 1
21130,tt0816711,World War Z
21025,tt1670345,Now You See Me
11927,tt0373889,Harry Potter and the Order of the Phoenix
30401,tt3183660,Fantastic Beasts and Where to Find Them
3456,tt0172495,Gladiator
24121,tt1790864,The Maze Runner
42222,tt2771200,Beauty and the Beast
359,tt0110357,The Lion King
24351,tt2911666,John Wick
22110,tt2294629,Frozen
13893,tt0417741,Harry Potter and the Half-Blood Prince
0,tt0114709,Toy Story
18465,tt1675434,The Intouchables
5215,tt0145487,Spider-Man
11008,tt0383574,Pirates of the Caribbean: Dead Man's Chest
8234,tt0317705,The Incredibles
20970,tt1905041,Fast & Furious 6
17217,tt1270798,X-Men: First Class
18995,tt1446714,Prometheus
1919,tt0120815,Saving Private Ryan
41489,tt3748528,Rogue One: A Star Wars Story
11662,tt0416449,300
6725,tt0266697,Kill Bill: Vol. 1
17124,tt1298650,Pirates of the Caribbean: On Stranger Tides
